{
  "name": "Research Environment",
  "image": "mitchellacoustics/j2401_jasa_ssid-single-index:latest",
  "customizations": {
    "vscode": {
      "extensions": [
        "ms-python.python",
        "charliermarsh.ruff",
        "REditorSupport.r",
        "quarto.quarto-vscode",
        "James-Yu.latex-workshop",
        "nvarner.typst-lsp",
        "ms-toolsai.jupyter",
        "ms-toolsai.jupyter-renderers",
        "ms-azuretools.vscode-docker",
        "GitHub.copilot",
        "ms-vscode-remote.remote-containers",
        "quarto.quarto"
      ],
      "settings": {
        "editor.formatOnSave": true,
        "r.lsp.enabled": true,
        "terminal.integrated.defaultProfile.linux": "zsh",
        // ruff settings
        "[python]": {
          "editor.formatOnSave": true,
          "editor.codeActionsOnSave": {
            "source.fixAll": "explicit",
            "source.organizeImports": "explicit"
          },
          "editor.defaultFormatter": "charliermarsh.ruff"
        },
        "notebook.formatOnSave.enabled": true,
        "notebook.codeActionsOnSave": {
          "notebook.source.fixAll": "explicit",
          "notebook.source.organizeImports": "explicit"
        }
      }
    }
  },
  "features": {
    "ghcr.io/devcontainers-contrib/features/zsh-plugins:0": {},
  },
  "mounts": [
    "source=${localWorkspaceFolder},target=/workspace,type=bind,consistency=cached",
  ],
}